{
  "exported_at": "2025-11-07T03:24:23.577Z",
  "total_companies": 24,
  "total_industries": 15,
  "total_unique_keywords": 1086,
  "companies": [
    "Bluey",
    "COWAY",
    "CREVERSE",
    "Double A",
    "GENCY",
    "IKEA KOREA",
    "LG전자",
    "Life.zip",
    "Mogu Mogu",
    "NC소프트",
    "OK금융그룹",
    "SKT",
    "SK가스",
    "TILTPRO",
    "TheoryCraft",
    "VALORANT",
    "the littles",
    "대교",
    "대상웰라이프",
    "배달의민족",
    "정관장",
    "카카오페이지",
    "크립토닷컴",
    "포스코퓨처엠"
  ],
  "industries": [
    "SaaS",
    "가구-가정용",
    "게임",
    "교육",
    "금융",
    "블록체인",
    "소비재",
    "소프트웨어",
    "식음료",
    "에너지",
    "자동차-전기차",
    "제조",
    "콘텐츠",
    "통신",
    "헬스케어"
  ],
  "keywords": [
    "10대 응집",
    "10대 타겟 응집",
    "1차 이벤트",
    "1톤 트럭 운전자",
    "1톤 트럭 타겟",
    "1톤 트럭커",
    "2-Track 전략",
    "2024년 방향성",
    "2024년 하반기",
    "2030 타겟",
    "2030 타겟 분석",
    "2030 타겟 오디언스",
    "2030 타겟팅",
    "2030세대 타겟팅",
    "2단계 전략",
    "2차 이벤트",
    "3040 학부모",
    "3단계 캠페인",
    "3단계 캠페인 구조",
    "3대 핵심 테마",
    "4050 타겟",
    "4050 타겟 분석",
    "4D 전략",
    "5인 팀 강제 (5-Stack)",
    "7초의 미학",
    "AI SaaS",
    "AI 콘테스트",
    "AIDMA 모델",
    "AS-IS/TO-BE 비교",
    "B2B 브랜딩",
    "BEREX 스마트 매트리스",
    "B마트",
    "B마트 마케팅",
    "B마트 운영 전략",
    "B마트 콘텐츠",
    "B마트 콘텐츠 전략",
    "CF 메시지 각인",
    "CF 시청 인증",
    "COMPLETE SLEEP 캠페인",
    "CRM 전략",
    "D-Studio",
    "DUSTOPIA",
    "DUSTOPIA 캠페인",
    "Disruption Company",
    "ESG 콘텐츠",
    "ESG 활동",
    "FIFTH HUNTER",
    "FIND YOUR HOME",
    "Fierce Life",
    "Flying Wheel Process",
    "GRADATION FOCUS",
    "IN GAME 테마",
    "IP 소개",
    "IP 확장",
    "IP 활용 콘텐츠",
    "IT DA 캠페인",
    "KOL 마케팅",
    "KPI 조회수",
    "K팝 팬덤",
    "LABELING 캠페인",
    "LED 전광판",
    "LG전자 키친솔루션",
    "LPG 1톤 트럭",
    "LPG 브랜드 대명사",
    "LPG 충전소",
    "LPG 트럭 출시",
    "MOGUVERSE",
    "MOGUVERSE 활성화",
    "Moment Market",
    "My Care Profile",
    "ODG 인사이트",
    "OOH 광고",
    "OOH 미디어",
    "OOH 집행",
    "P.T CENTER",
    "P.T 센터",
    "PB 상품 마케팅",
    "PLAYER 테마",
    "PR 전략",
    "Photo Museum",
    "Real Voice",
    "Real Voice 캠페인",
    "Real Voice 콘텐츠",
    "Reliable Soulmate",
    "SEO 전략",
    "SEO 최적화",
    "SKT 원정대",
    "SNS 관리",
    "SNS 런칭 전략",
    "SNS 마케팅 전략",
    "SNS 알고리즘",
    "SNS 알고리즘 분석",
    "SNS 운영",
    "SNS 운영 리뷰",
    "SNS 운영 전략",
    "SNS 전략",
    "SNS 진단",
    "SNS 참여 지표",
    "SNS 채널 목표",
    "SNS 채널 운영",
    "SNS 채널 전략",
    "SNS 채널 현황",
    "SNS 캠페인",
    "SNS 콘텐츠 기획",
    "SNS 콘텐츠 전략",
    "SNS 콘텐츠 진단",
    "SNS 환경 분석",
    "SOV (Share of Voice)",
    "SOV 운영 전략",
    "SOV 증대",
    "See-Think-Do 퍼널",
    "Smart 재정의",
    "Social to App",
    "Social to App 전략",
    "TBWA",
    "TEAM SK 서포터즈",
    "TEAM SK 출정식",
    "TILTPRO ODYSSEY",
    "TPO 마케팅",
    "TheoryCraft",
    "TheoryCraft 전문성",
    "UGC 선순환",
    "UGC 캠페인",
    "UGC 콘텐츠",
    "UGC 활성화",
    "UX 개선",
    "X(트위터) 마케팅",
    "Z세대 공감",
    "Z세대 마케팅",
    "Z세대 참여 유도",
    "Z세대 타겟팅",
    "가치 경험",
    "가치 증명",
    "감성 마케팅",
    "감성적 가치",
    "감성적 가치 부여",
    "감성적 소구",
    "감성적 연결",
    "감성적 유대",
    "감성적 접근",
    "감성적 콘텐츠",
    "감성적 크리에이티브",
    "강지영 아나운서",
    "개발사 브랜딩",
    "개별 제품 주목도",
    "검색 광고",
    "검색 광고 (SA)",
    "검색 엔진 마케팅",
    "검색 점유율(SOV)",
    "검색 최적화",
    "검색 최적화 (SEO)",
    "검색 최적화(SEO)",
    "검색엔진최적화",
    "게릴라 마케팅",
    "게릴라 이벤트",
    "게이미피케이션",
    "게이미피케이션 (미닛)",
    "게임 스트리머",
    "경쟁 모드 활성화",
    "경쟁 우위",
    "경쟁 채널 분석",
    "계정 정체성",
    "고감도 비주얼",
    "고객 경험",
    "고객 몰입",
    "고객 몰입 저해",
    "고객 반응",
    "고객 세분화",
    "고객 수신",
    "고객 스토리텔링",
    "고객 여정 분석",
    "고객 여정 침투",
    "고객 여정 퍼널",
    "고객 유입 증대",
    "고객 인사이트",
    "고객 중심",
    "고객 중심 스토리텔링",
    "고객 중심 전략",
    "고객 페인 포인트",
    "고객 후기",
    "고관여 업종",
    "고관여 유저",
    "고관여 제품",
    "고관여 타겟",
    "고관여자 타겟팅",
    "고자극 콘텐츠",
    "고품질 비주얼",
    "공감 마케팅",
    "공감 유도",
    "공감대 형성",
    "공동 경험",
    "공동 경험 콘텐츠",
    "공식 채널 운영",
    "공식 채널 유입",
    "공유된 공감",
    "과도한 연출",
    "관계 강화",
    "관계 강화 전략",
    "관점 전환",
    "광고 대행사 역량",
    "광고 실행",
    "광고 전략",
    "광고 집행 효과",
    "교사 브랜딩",
    "교사 이미지",
    "교사 전문성",
    "교사 페르소나",
    "교육 본질",
    "교육 철학",
    "교육 효용성 증명",
    "교차수강 유도",
    "교차수강 확대",
    "구독자 유지",
    "구독자 증대",
    "구매 동기",
    "구매 여정",
    "구매 유도",
    "구매 전환 유도",
    "구매 전환율",
    "구매자 특성",
    "구전 마케팅",
    "균형 영양식",
    "균형영양식",
    "글로벌 IP 활용",
    "글로벌 리더십",
    "글로벌 포지셔닝",
    "긍정 SOV",
    "긍정 SOV 전략",
    "긍정 SOV 확대",
    "기능적 가치",
    "기대감 조성",
    "기업 가치 제고",
    "기업 브랜딩",
    "기업 연혁",
    "기업명 키워드",
    "기존 커뮤니케이션 전략",
    "기존 콘텐츠 방향성",
    "기회 포착",
    "낮은 참여율",
    "내 집 여행하는 법",
    "내부 브랜딩",
    "네이버 SEO 최적화",
    "네이버 메인 노출",
    "네이버 블로그",
    "네이버 블로그 개편",
    "네이버 블로그 리뉴얼",
    "네이버 블로그 마케팅",
    "네이버 블로그 운영",
    "네이버 블로그 전략",
    "네이버 블로그 체험단",
    "네이버 알고리즘",
    "네이버 카페 마케팅",
    "네이버 카페 바이럴",
    "네이버 파워링크",
    "네이버 포스트",
    "네이버 포스트 운영",
    "노출 극대화",
    "놀이 중심 콘텐츠",
    "누적 팔로워",
    "눈높이 선생님",
    "뉴스레터 전략",
    "니치 타겟팅",
    "단컷 콘텐츠",
    "대교",
    "대국민 응원전",
    "대규모 프로모션",
    "대세감 형성",
    "대학생 온보딩",
    "대학생 타겟팅",
    "대행사 소개",
    "대행사 포트폴리오",
    "덕질 문화",
    "덕후 공감 콘텐츠",
    "데일리 콘텐츠",
    "도입부",
    "도파민 마케팅",
    "도파민 콘텐츠",
    "독립 광고회사",
    "독특한 식감",
    "돈 덕후",
    "디스코드 전략",
    "디스코드 최적화",
    "디스코드 활성화",
    "디젤 시대 종말",
    "디지털 마케팅",
    "디지털 마케팅 에이전시",
    "디지털 미디어 믹스",
    "디지털 미디어 플랜",
    "디지털 미디어 환경",
    "디지털 바이럴 전략",
    "디지털 바이럴 확산",
    "디지털 소비자",
    "디지털 알고리즘",
    "디지털 연결성",
    "디지털 접점",
    "디지털 캠페인",
    "디지털 커뮤니케이션",
    "라벨링 캠페인",
    "라이프스타일 마케팅",
    "라이프스타일 음료",
    "라이프스타일 콘텐츠",
    "랭킹 콘텐츠",
    "럭키 드로우",
    "런칭 성과",
    "런칭 전략",
    "레퍼런스",
    "로맨스 판타지",
    "로맨스 판타지 (로판)",
    "로컬 슬로건",
    "로컬라이제이션",
    "로컬라이징 슬로건",
    "롱테일 키워드",
    "리얼리티 부족",
    "리얼리티 예능",
    "리얼리티 콘텐츠",
    "리워드 전략",
    "릴스 콘텐츠",
    "링크 클릭 극대화",
    "마이크로 페이지",
    "마이크로페이지",
    "마케팅 방향성",
    "마케팅 제안",
    "마케팅 제안서",
    "마케팅 퍼널",
    "맛집 콘텐츠 확장",
    "맞춤형 교육",
    "매드뽀삐",
    "매드뽀삐 캐릭터",
    "매장 방문 유도",
    "매체 규격",
    "멀티 채널 전략",
    "메타데이터 최적화",
    "모델 활용 전략",
    "목차",
    "목차 구성",
    "목표 초과 달성",
    "무대응 원칙",
    "무대응 원칙 극복",
    "문제 정의",
    "문제 진단",
    "미들노트 세대",
    "미디어 과잉 노출",
    "미디어 노출 우려",
    "미디어 믹스",
    "미디어 배경",
    "미디어 전략",
    "미디어 집행비",
    "미디어 탈피",
    "미디어 통제",
    "미디어 플래닝",
    "미디어믹스",
    "미디어믹스 및 예산",
    "미래 고객 선점",
    "미취학 아동 부모",
    "믿음직한 소울메이트",
    "밈 마케팅",
    "밈 콘텐츠",
    "바디 프로필",
    "바디프로필",
    "바이럴 마케팅",
    "바이럴 캠페인",
    "바이럴 콘텐츠",
    "바이럴 한계",
    "바이럴 확산",
    "발로란트 프리미어",
    "방구석 세계여행",
    "방향성 도출",
    "배민다움",
    "배민이지",
    "버즈량 극대화",
    "버티컬 마케팅",
    "버티컬 채널",
    "버티컬 채널 마케팅",
    "벤치마킹 사례",
    "변화 기대감",
    "부가 캠페인",
    "부모 공감대 형성",
    "부정적 인식",
    "부정적 콘텐츠",
    "부캐 마케팅",
    "브랜드 CF 인지",
    "브랜드 가치 전달",
    "브랜드 각인",
    "브랜드 강점",
    "브랜드 경험",
    "브랜드 관계 구축",
    "브랜드 대변자",
    "브랜드 리뉴얼",
    "브랜드 리런칭",
    "브랜드 리포지셔닝",
    "브랜드 메시지",
    "브랜드 메시지 각인",
    "브랜드 메시지 전달",
    "브랜드 메시지 확산",
    "브랜드 메시징",
    "브랜드 바이럴",
    "브랜드 발견",
    "브랜드 비전",
    "브랜드 스토리텔링",
    "브랜드 슬로건",
    "브랜드 신뢰도",
    "브랜드 신뢰도 구축",
    "브랜드 신뢰도 제고",
    "브랜드 신뢰도 형성",
    "브랜드 아이덴티티",
    "브랜드 여정",
    "브랜드 유대감",
    "브랜드 이미지 전환",
    "브랜드 이미지 제고",
    "브랜드 이미지 확장",
    "브랜드 인지도",
    "브랜드 인지도 강화",
    "브랜드 인지도 제고",
    "브랜드 인트로덕션",
    "브랜드 일관성",
    "브랜드 자산화",
    "브랜드 재정의",
    "브랜드 재포지셔닝",
    "브랜드 전문성",
    "브랜드 정렬",
    "브랜드 정체성",
    "브랜드 진정성",
    "브랜드 차별화",
    "브랜드 참여",
    "브랜드 채널",
    "브랜드 채널 경쟁력",
    "브랜드 철학",
    "브랜드 충성도",
    "브랜드 친밀도",
    "브랜드 친숙도",
    "브랜드 캠페인",
    "브랜드 커뮤니티 구축",
    "브랜드 컨설팅",
    "브랜드 팬덤",
    "브랜드 팬덤 강화",
    "브랜드 팬덤 구축",
    "브랜드 페르소나",
    "브랜드 평판 관리",
    "브랜드 포지셔닝",
    "브랜드 포트폴리오",
    "브랜드 프리미엄",
    "브랜드 핵심 가치",
    "브랜드 허브",
    "브랜드 현지화",
    "브랜드 호감도",
    "브랜드 화법",
    "브랜드 확장",
    "브랜드 확장성",
    "브랜드 휴머니제이션",
    "브랜디드 콘텐츠",
    "브랜디드 콘텐츠 제작",
    "브랜딩 콘텐츠",
    "브이로그 콘텐츠",
    "블로거 선정 기준",
    "블로그 지수",
    "블로그 체험단",
    "블로그 콘텐츠 전략",
    "비정기 업무 프로세스",
    "비주얼 전략",
    "비주얼 커뮤니케이션",
    "비주얼 콘텐츠",
    "비트코인 프로모션",
    "비팔로워 도달",
    "빅데이터 분석",
    "사람 이해의 힘",
    "사람에 대한 이해",
    "사례 연구",
    "사용자 경험 (UX)",
    "사용자 몰입",
    "사용자 생성 콘텐츠(UGC)",
    "사용자 인터랙션",
    "사용자 참여",
    "사용자 참여 유도",
    "사용자 참여 증대",
    "사전 검색",
    "사진관 컨셉",
    "사회적 가치 부여",
    "상세페이지 자동 생성",
    "상세페이지 제작",
    "상시 운영 콘텐츠",
    "상시 운영(AO)",
    "상용차 시장",
    "상위 노출",
    "상위 노출 전략",
    "상위노출 전략",
    "상황 분석",
    "생계형 구매",
    "생업 중심 메시징",
    "생일 카페",
    "생활 꿀팁",
    "서브 토픽",
    "선각자 경험담",
    "선각자 마케팅",
    "선생님 대변자",
    "선생님 브랜드 대변자",
    "선생님 브랜딩",
    "선생님 전문성",
    "선순환 구조",
    "선택적 실행안",
    "섭외 비용",
    "성과 보고",
    "성과 측정",
    "성수동",
    "섹션 구분",
    "셀럽 섭외",
    "소비 트렌드 변화",
    "소비자 경험",
    "소비자 구매 행동",
    "소비자 사연",
    "소비자 스토리텔링",
    "소비자 여정",
    "소셜 마케팅",
    "소셜 미디어 운영",
    "소셜 미디어 전략",
    "소셜 미디어 전문가",
    "소셜 미디어 플랫폼",
    "소셜 미디어 환경",
    "소셜 미디어 활성화",
    "소셜 바이럴",
    "소셜 바이럴 확산",
    "소셜 이벤트 전략",
    "소셜 인터랙션",
    "소셜 채널 역할",
    "소셜 채널 전략",
    "소셜 콘텐츠 전략",
    "소울메이트 콘셉트",
    "소통 장벽 해소",
    "소통 플랫폼 부재",
    "소통의 문",
    "솔루션 제공",
    "쇼츠 콘텐츠",
    "숏폼 챌린지",
    "숏폼 콘텐츠",
    "숏폼 콘텐츠 전략",
    "수납 솔루션",
    "수행 조직도",
    "스낵커블 콘텐츠",
    "스마트폰 보급률",
    "스토리보드",
    "스토리텔링 콘텐츠",
    "스팟 점유 전략",
    "스포츠 ESG",
    "스포츠 마케팅",
    "스포츠 마케팅 진정성",
    "승리 미션 티켓",
    "시각적 증명",
    "시각적 후킹",
    "시네마틱 콘텐츠",
    "시대감각",
    "시리즈 콘텐츠",
    "시장 관습",
    "시장 리더십",
    "시장 분석",
    "시장 잠재력",
    "시장 증대",
    "시장 진입",
    "시장 진입 장벽",
    "시장 환경 분석",
    "시장점유율",
    "시청 지속 시간",
    "시청 지속률",
    "시청자 분석",
    "시청자 인구 통계",
    "시크릿 집덕후",
    "신규 고객 획득",
    "신규 사용자 확보",
    "신규 유저 유입",
    "신뢰 구축",
    "신뢰도 기반 콘텐츠",
    "신뢰도 확보",
    "신입사원 브이로그",
    "신차 출시",
    "신형 LPG 트럭",
    "신형 LPG 트럭 출시",
    "실적 발표 대응",
    "실제 참여율",
    "실행 전략",
    "실행 프로세스",
    "실험형 콘텐츠",
    "아이돌 마케팅",
    "아이콘 얼음 정수기",
    "아프니까 사장이다",
    "악성 댓글 대응",
    "알고리즘 고도화",
    "알고리즘 노출",
    "알고리즘 최적화",
    "알고리즘 확산",
    "알고리즘의 함정",
    "알아주는 선생님",
    "알파 세대",
    "알파 세대 타겟",
    "알파 세대 타겟팅",
    "암호화폐 거래소",
    "암호화폐 커뮤니티 타겟팅",
    "암호화폐 타겟팅",
    "앰배서더 마케팅",
    "앰배서더 콘텐츠",
    "앰배서더 활용",
    "앱 유입 극대화",
    "약학박사 설계",
    "양방향 소통",
    "언택트 캠페인",
    "업무 효율성",
    "역설적 슬로건",
    "연간 서포터즈",
    "연간 서포터즈 운영",
    "열정 관리",
    "영상 연출",
    "영상 제작 전략",
    "영양 감수성",
    "예산 및 KPI",
    "예상 섭외비",
    "예상 성과 지표",
    "오리지널 콘텐츠",
    "오프라인 이벤트",
    "오프라인 캠페인",
    "오프라인 활성화",
    "오픈채팅방",
    "오픈채팅방 아카이빙",
    "오피스벨트",
    "옥외광고",
    "옥외광고(OOH)",
    "온라인 광고 로드맵",
    "온라인 쇼핑 시장",
    "온라인 채널 최적화",
    "온라인 플랫폼 개선",
    "온보딩 전략",
    "옴니콤 그룹",
    "우군 응집",
    "우대충전소 스케치",
    "우리끼리 야리끼리",
    "우선 개선 대상 콘텐츠",
    "우회 마케팅",
    "우회 전략",
    "우회 접근 전략",
    "우회 타겟팅",
    "운영 노하우",
    "운영 대행",
    "운영 제안서",
    "운전자 공감",
    "월간 검색량",
    "월간 실행 일정",
    "유동인구",
    "유머 마케팅",
    "유입-생산-확산",
    "유입-생산-확산 프로세스",
    "유저 리텐션",
    "유저 온보딩",
    "유저 중심 콘텐츠",
    "유튜버 협업",
    "유튜브 PPL",
    "유튜브 SEO",
    "유튜브 SEO 최적화",
    "유튜브 노출 전략",
    "유튜브 마케팅",
    "유튜브 브랜디드 콘텐츠",
    "유튜브 성과 분석",
    "유튜브 쇼츠",
    "유튜브 쇼츠 콘텐츠",
    "유튜브 알고리즘",
    "유튜브 알고리즘 확장",
    "유튜브 운영 전략",
    "유튜브 전략",
    "유튜브 채널 분석",
    "유튜브 채널 운영",
    "유튜브 채널 전략",
    "유튜브 채널 활성화",
    "유튜브 커뮤니티",
    "유튜브 콘텐츠",
    "유튜브 콘텐츠 전략",
    "유튜브 협업",
    "응원하는 소울메이트",
    "이미지 쇄신",
    "이미지 전환",
    "이벤트 프로세스",
    "이슈 메이킹",
    "이슈 키워드",
    "이슈메이킹",
    "이해하는 교육",
    "인력 구성",
    "인력 프로필",
    "인생네컷 제휴",
    "인생네컷 콜라보레이션",
    "인스타그램 릴스",
    "인스타그램 마케팅",
    "인스타그램 바이럴",
    "인스타그램 샵",
    "인스타그램 성과",
    "인스타그램 스토리",
    "인스타그램 이벤트",
    "인스타그램 전략",
    "인스타그램 채널",
    "인스타그램 캠페인",
    "인스타그램 콘텐츠",
    "인스타그램 콘텐츠 전략",
    "인스타그램 콘텐츠 포맷",
    "인스타그램 하이라이트",
    "인스타그램 활용",
    "인지 채널",
    "인지도 강화",
    "인지도 강화 채널",
    "인지도 지표",
    "인터널 브랜딩",
    "인터뷰형 콘텐츠",
    "인플루언서 관리",
    "인플루언서 리스트업",
    "인플루언서 마케팅",
    "인플루언서 바이럴",
    "인플루언서 선정",
    "인플루언서 선정 기준",
    "인플루언서 섭외",
    "인플루언서 섭외료",
    "인플루언서 섭외비",
    "인플루언서 전략",
    "인플루언서 제휴",
    "인플루언서 지수",
    "인플루언서 체험단",
    "인플루언서 콘텐츠",
    "인플루언서 프로파일링",
    "인플루언서 프로필",
    "인플루언서 협업",
    "인플루언서 활용",
    "임직원 인터뷰",
    "임직원 참여형",
    "입소문 마케팅",
    "입소문 형성",
    "잠재 고객 관심사",
    "잠재 고객 발굴",
    "잠재 고객 유입",
    "잠재 고객 정의",
    "잠재 고객 확대",
    "잠재고객 유입",
    "잠재고객 유입 극대화",
    "장르 확장",
    "장르 확장 방안",
    "장소 촬영 레퍼런스",
    "재생수 분석",
    "재수강 유도",
    "전략 배경",
    "전략 전환",
    "전략 제안서",
    "전략적 전환",
    "전략적 질문",
    "전문 트레이닝 프로그램",
    "전문 포토그래퍼",
    "점진적 참여 확대",
    "정관장 에브리타임",
    "정보 감수성",
    "정보 수집",
    "정보 접근성",
    "정보 중심 콘텐츠",
    "정보성 콘텐츠",
    "정서적 공감",
    "정서적 연결",
    "정서적 유대",
    "제세공과금",
    "제습기 시장",
    "제안 구조",
    "제안 배경",
    "제안서 구조",
    "제안서 목차",
    "제작 기획안",
    "제품 USP",
    "제품 기능 강조",
    "제품 기능 중심",
    "제품 상세페이지",
    "제품 전문성",
    "제품 콘텐츠",
    "제품력",
    "조직도",
    "주식 관련 콘텐츠",
    "중저관여 유저 타겟팅",
    "지인 공유 보상",
    "지인 추천 보상",
    "직장인 공감",
    "직장인 공감대",
    "직장인 페르소나",
    "진입 장벽",
    "진정성 마케팅",
    "진정성 확보",
    "집스터 활성화",
    "집스터-집덕후 연결",
    "집의 가치",
    "차별화 부재",
    "차별화 전략",
    "참여 업체 소개",
    "참여 허들",
    "참여자 락인",
    "참여형 캠페인",
    "채널 간 상호 작용",
    "채널 간 상호작용",
    "채널 구독",
    "채널 목표 설정",
    "채널 분석",
    "채널 섭외료",
    "채널 성장 전략",
    "채널 역할 정의",
    "채널 운영 방향성",
    "채널 운영 전략",
    "채널 적합도",
    "채널 전략",
    "채널 최적화",
    "채널 컨셉",
    "채널 파편화",
    "채널 활성화",
    "채널별 성과 리뷰",
    "채널별 성과 분석",
    "채널별 역할 분담",
    "채용 브랜딩",
    "챕터 구분",
    "챕터 제목",
    "체력 관리",
    "체리 커뮤니티",
    "체리피커",
    "체험 마케팅",
    "체험단 마케팅",
    "체험단 바이럴",
    "체험단 운영",
    "체험단 운영 프로세스",
    "체험형 마케팅",
    "체험형 캠페인",
    "초기 버즈 생성",
    "최상단 노출",
    "취급고 순위",
    "취미 비기너",
    "취미 비기너 대학생",
    "취미 자판기",
    "취미 자판기 캠페인",
    "취업준비생",
    "취업준비생 타겟팅",
    "친한친구 콘셉트",
    "카드뉴스",
    "카테고리 재편",
    "카페 바이럴",
    "캐릭터 구축",
    "캐릭터 기반 소통",
    "캐릭터 리브랜딩",
    "캐릭터 마케팅",
    "캐릭터 수용도",
    "캐릭터 인지",
    "캐릭터 인지도",
    "캠퍼스 마케팅",
    "캠페인 2단계",
    "캠페인 KPI",
    "캠페인 ROI",
    "캠페인 견적서",
    "캠페인 레퍼런스",
    "캠페인 로드맵",
    "캠페인 리뷰",
    "캠페인 목차",
    "캠페인 목표",
    "캠페인 목표 설정",
    "캠페인 미션",
    "캠페인 붐업",
    "캠페인 사례",
    "캠페인 성과",
    "캠페인 슬로건",
    "캠페인 실행 프로세스",
    "캠페인 실행안",
    "캠페인 예산",
    "캠페인 운영 인력",
    "캠페인 유연성",
    "캠페인 전략",
    "캠페인 전환",
    "캠페인 제안",
    "캠페인 컨셉",
    "캠페인 타임라인",
    "캠페인 필름",
    "캠페인 확산",
    "커뮤니케이션 로드맵",
    "커뮤니케이션 전략",
    "커뮤니케이션 채널",
    "커뮤니티 마케팅",
    "커뮤니티 바이럴",
    "커뮤니티 본딩",
    "커뮤니티 참여 부족",
    "커뮤니티 최적화",
    "커뮤니티 허브",
    "커뮤니티 활성화",
    "컨셉 개발",
    "케이스 스터디",
    "코어 팬덤 구축",
    "콘텐츠 2차 가공",
    "콘텐츠 IP",
    "콘텐츠 격차",
    "콘텐츠 기획",
    "콘텐츠 노출",
    "콘텐츠 다각화",
    "콘텐츠 다양성",
    "콘텐츠 다양화",
    "콘텐츠 레퍼런스",
    "콘텐츠 로드맵",
    "콘텐츠 마케팅",
    "콘텐츠 몰입도",
    "콘텐츠 문제점 분석",
    "콘텐츠 벤치마킹",
    "콘텐츠 분산",
    "콘텐츠 생산 활성화",
    "콘텐츠 서사",
    "콘텐츠 성공 요인",
    "콘텐츠 성과",
    "콘텐츠 성과 분석",
    "콘텐츠 성과 지표",
    "콘텐츠 세분화",
    "콘텐츠 소스 수급",
    "콘텐츠 시리즈",
    "콘텐츠 신뢰도",
    "콘텐츠 완성도",
    "콘텐츠 운영 전략",
    "콘텐츠 유입 극대화",
    "콘텐츠 장인 정신",
    "콘텐츠 재가공",
    "콘텐츠 전략",
    "콘텐츠 제안",
    "콘텐츠 제작",
    "콘텐츠 제작 방향",
    "콘텐츠 제작 역량",
    "콘텐츠 제작 퀄리티",
    "콘텐츠 진단",
    "콘텐츠 차별화",
    "콘텐츠 카테고리",
    "콘텐츠 캠페인",
    "콘텐츠 테마",
    "콘텐츠 패러다임 전환",
    "콘텐츠 포맷 비교",
    "콘텐츠 포트폴리오",
    "콘텐츠 포화",
    "콘텐츠 품질 관리",
    "콘텐츠 프랜차이즈화",
    "콘텐츠 허브",
    "콘텐츠 현지화",
    "콘텐츠 형식",
    "콘텐츠 확산 효과",
    "콘텐츠 후킹",
    "퀀텀 점프",
    "퀀텀 점프 전략",
    "크리에이터 규모",
    "크리에이티브 스토리보드",
    "크리에이티브 실행",
    "크리에이티브 전략",
    "크리에이티브 컨셉",
    "크리에이티브 콘셉트",
    "크리에이티브 톤앤매너",
    "크몽 입점",
    "클러스터의 함정",
    "클릭률 증대",
    "키워드 노출 이력",
    "키워드 모니터링",
    "키워드 전략",
    "키워드 추출",
    "키워드 타겟팅",
    "키친솔루션 마케팅",
    "킬러 콘텐츠",
    "킹받는 콘텐츠",
    "타겟 고객 분석",
    "타겟 고객 현황",
    "타겟 공감",
    "타겟 공감대",
    "타겟 공감대 형성",
    "타겟 분석",
    "타겟 세분화",
    "타겟 시청자 분석",
    "타겟 오디언스",
    "타겟 오디언스 분석",
    "타겟 유저 인지",
    "타겟 인사이트",
    "타겟 재정의",
    "타겟 정의",
    "타겟 페르소나",
    "타겟 화법",
    "타겟 확장",
    "타겟층 확장",
    "타겟팅 푸쉬 전략",
    "타이틀 슬라이드",
    "타임어택 이벤트",
    "통합 마케팅",
    "통합 마케팅 전략",
    "통합 마케팅 커뮤니케이션",
    "통합 마케팅 커뮤니케이션 (IMC)",
    "통합 브랜딩",
    "통합 채널 운영",
    "통합 캠페인",
    "투자 고관여자",
    "투자 기회 확대",
    "투자자 타겟팅",
    "트래픽 유입",
    "트럭 운전자 공감",
    "트럭커 라이프스타일",
    "트렌드 창조",
    "트렌드 포착",
    "트렌드 확산",
    "트위터 성과 분석",
    "트위터 이벤트 성과",
    "틱톡 콘텐츠 성과",
    "팀 등록률",
    "팀 트레이닝 콘텐츠",
    "파괴적 아이디어",
    "파괴적 혁신",
    "파리 올림픽",
    "파리 올림픽 마케팅",
    "파리 하우스",
    "팔로워 규모",
    "팔로워 성장 한계",
    "팔로워 증가율",
    "팔로워 증대",
    "팔로워 확장",
    "팔로워 확장 목표",
    "팝업 스토어",
    "팝업스토어",
    "패러다임 전환",
    "팬 참여 유도",
    "팬 참여 프로그램",
    "팬-선수 연결",
    "팬덤 구축",
    "팬덤 마케팅",
    "팬덤 문화",
    "팬덤 문화 활용",
    "팬덤 버즈",
    "팬덤 타겟팅",
    "팬덤 형성",
    "퍼포머 전략",
    "퍼포먼스 마케팅",
    "페르소나 리브랜딩",
    "페르소나 재정의",
    "페이즈 I",
    "페이크 다큐멘터리",
    "페이크 마케팅",
    "페이크 캠페인",
    "평균 조회수",
    "평균 조회율",
    "포트폴리오",
    "포트폴리오 쇼케이스",
    "프랜차이즈 맛집",
    "프로젝트 계획",
    "프로젝트 제안서",
    "프리미어 인지도",
    "프리미엄 교육",
    "프리미엄 기준",
    "프리미엄 브랜드 인식",
    "프리미엄 브랜딩",
    "프리미엄 인식",
    "프리미엄 재정의",
    "플라이휠 모델",
    "플라잉 휠 프로세스",
    "플래닝팀",
    "플레이어 접점",
    "학부모 니즈",
    "학부모 타겟 콘텐츠",
    "학습자 이해",
    "한국 시장 런칭",
    "한국 시장 진입",
    "한국 시장 진출",
    "한국 오리지널 콘텐츠",
    "핵심 가치",
    "핵심 가치 제안",
    "핵심 강점",
    "핵심 과제",
    "핵심 도전 과제",
    "핵심 문제 진단",
    "핵심 성과 지표",
    "핵심 성과 지표 (KPI)",
    "핵심 성과 지표(KPI)",
    "핵심 참여자 관계 강화",
    "핵심 참여자 액티베이션",
    "핵심 타겟 집중",
    "행동 유도",
    "행동 유도 크리에이티브",
    "행복일톤 멤버십",
    "헤이딜러 사례 분석",
    "헬시플레저",
    "헬시플레저 매거진",
    "현장감 극대화",
    "현황 분석",
    "현황 진단",
    "혈당 스파이크",
    "협업 마케팅",
    "호기심 유발",
    "홈퍼니싱 팁",
    "화제성",
    "화제성 확보",
    "활성 플레이어",
    "활용 목표",
    "효율적 발신",
    "휴먼 다큐멘터리",
    "휴먼터치",
    "힐링 콘텐츠"
  ]
}